<?xml version="1.0" encoding="UTF-8" ?>
<!DOCTYPE mapper PUBLIC "-//mybatis.org//DTD Mapper 3.0//EN" "http://mybatis.org/dtd/mybatis-3-mapper.dtd" >
<mapper namespace="com.tbex.pool.repository.data.StatsWorkersHourRepository">
												  <!-- CodeBuilder  Generated-->
  <resultMap id="StatsWorkersHourMap" type="com.tbex.pool.repository.bean.StatsWorkersHour">
  					 <id column="id" property="id" jdbcType="INTEGER" />
							<result column="puid" property="puid" jdbcType="INTEGER" />
							<result column="worker_id" property="workerId" jdbcType="BIGINT" />
							<result column="hour" property="hour" jdbcType="INTEGER" />
							<result column="share_accept" property="shareAccept" jdbcType="BIGINT" />
							<result column="share_reject" property="shareReject" jdbcType="BIGINT" />
							<result column="reject_rate" property="rejectRate" jdbcType="DOUBLE" />
							<result column="score" property="score" jdbcType="DECIMAL" />
							<result column="earn" property="earn" jdbcType="BIGINT" />
							<result column="created_at" property="createdAt" jdbcType="TIMESTAMP" />
							<result column="updated_at" property="updatedAt" jdbcType="TIMESTAMP" />
			  </resultMap>
  <sql id="Example_Where_Clause">
        <where>
            <foreach collection="example.oredCriteria" item="criteria" separator="or">
                <if test="criteria.valid">
                    <trim prefix="(" suffix=")" prefixOverrides="and">
                        <foreach collection="criteria.criteria" item="criterion">
                            <choose>
                                <when test="criterion.noValue">
                                    and ${criterion.condition}
                                </when>
                                <when test="criterion.singleValue">
                                    and ${criterion.condition} #{criterion.value}
                                </when>
                                <when test="criterion.betweenValue">
                                    and ${criterion.condition} #{criterion.value} and #{criterion.secondValue}
                                </when>
                                <when test="criterion.listValue">
                                    and ${criterion.condition}
                                    <foreach collection="criterion.value" item="listItem" open="(" close=")"
                                             separator=",">
                                        #{listItem}
                                    </foreach>
                                </when>
                            </choose>
                        </foreach>
                    </trim>
                </if>
            </foreach>
        </where>
    </sql>
  <sql id="Table_Name">stats_workers_hour</sql>
	<sql id="Base_Column_List_Without_Id">
  	  									puid ,								worker_id ,								hour ,								share_accept ,								share_reject ,								reject_rate ,								score ,								earn ,								created_at ,								updated_at 			  </sql>
  <sql id="Base_Column_List">
  	  					id ,
			  			  			  			  			  			  			  			  			  			  				<include refid="Base_Column_List_Without_Id"/>
  </sql>
    <sql id="Insert_Columns">
     							<if test="record.puid != null">puid,</if>
							<if test="record.workerId != null">worker_id,</if>
							<if test="record.hour != null">hour,</if>
							<if test="record.shareAccept != null">share_accept,</if>
							<if test="record.shareReject != null">share_reject,</if>
							<if test="record.rejectRate != null">reject_rate,</if>
							<if test="record.score != null">score,</if>
							<if test="record.earn != null">earn,</if>
							<if test="record.createdAt != null">created_at,</if>
							<if test="record.updatedAt != null">updated_at,</if>
			    </sql>
    <sql id="Insert_Values">
    							<if test="record.puid != null">#{record.puid,jdbcType=INTEGER},</if>
							<if test="record.workerId != null">#{record.workerId,jdbcType=BIGINT},</if>
							<if test="record.hour != null">#{record.hour,jdbcType=INTEGER},</if>
							<if test="record.shareAccept != null">#{record.shareAccept,jdbcType=BIGINT},</if>
							<if test="record.shareReject != null">#{record.shareReject,jdbcType=BIGINT},</if>
							<if test="record.rejectRate != null">#{record.rejectRate,jdbcType=DOUBLE},</if>
							<if test="record.score != null">#{record.score,jdbcType=DECIMAL},</if>
							<if test="record.earn != null">#{record.earn,jdbcType=BIGINT},</if>
							<if test="record.createdAt != null">#{record.createdAt,jdbcType=TIMESTAMP},</if>
							<if test="record.updatedAt != null">#{record.updatedAt,jdbcType=TIMESTAMP},</if>
			    </sql>
    <sql id="Batch_Insert_Values">
								 #{record.puid,jdbcType=INTEGER},
		 					 #{record.workerId,jdbcType=BIGINT},
		 					 #{record.hour,jdbcType=INTEGER},
		 					 #{record.shareAccept,jdbcType=BIGINT},
		 					 #{record.shareReject,jdbcType=BIGINT},
		 					 #{record.rejectRate,jdbcType=DOUBLE},
		 					 #{record.score,jdbcType=DECIMAL},
		 					 #{record.earn,jdbcType=BIGINT},
		 					 #{record.createdAt,jdbcType=TIMESTAMP},
		 					 #{record.updatedAt,jdbcType=TIMESTAMP},
		 	    </sql>
	<sql id="Batch_Insert_Values_On_DuplicateKey">
									#{record.id,jdbcType=INTEGER},
																																																									<include refid="Batch_Insert_Values"/>
	</sql>
    <sql id="Update_Set_From_Bean">
	 							<if test="record.puid != null">puid = #{record.puid,jdbcType=INTEGER} ,</if>
							<if test="record.workerId != null">worker_id = #{record.workerId,jdbcType=BIGINT} ,</if>
							<if test="record.hour != null">hour = #{record.hour,jdbcType=INTEGER} ,</if>
							<if test="record.shareAccept != null">share_accept = #{record.shareAccept,jdbcType=BIGINT} ,</if>
							<if test="record.shareReject != null">share_reject = #{record.shareReject,jdbcType=BIGINT} ,</if>
							<if test="record.rejectRate != null">reject_rate = #{record.rejectRate,jdbcType=DOUBLE} ,</if>
							<if test="record.score != null">score = #{record.score,jdbcType=DECIMAL} ,</if>
							<if test="record.earn != null">earn = #{record.earn,jdbcType=BIGINT} ,</if>
							<if test="record.createdAt != null">created_at = #{record.createdAt,jdbcType=TIMESTAMP} ,</if>
							<if test="record.updatedAt != null">updated_at = #{record.updatedAt,jdbcType=TIMESTAMP} ,</if>
			    </sql>
	<!-- insert -->
	<insert id="insert" parameterType="java.util.Map">
				<selectKey resultType="java.lang.Integer" keyProperty="record.id" order="AFTER">
            SELECT LAST_INSERT_ID()
        </selectKey>
		        insert into <include refid="Table_Name"/>
        <trim prefix="(" suffix=")" suffixOverrides=",">
            <include refid="Insert_Columns"/>
        </trim>
        <trim prefix="values (" suffix=")" suffixOverrides=",">
            <include refid="Insert_Values"/>
        </trim>
    </insert>
    <insert id="batchInsert" parameterType="java.util.Map">
        insert into <include refid="Table_Name"/>
        <trim prefix="(" suffix=")" suffixOverrides=",">
            <include refid="Base_Column_List_Without_Id"/>
        </trim>
        values
        <foreach collection="records" item="record" index="index" separator=",">
            <trim prefix="(" suffix=")" suffixOverrides=",">
                <include refid="Batch_Insert_Values"/>
            </trim>
        </foreach>
    </insert>
	<insert id="batchInsertOnDuplicateKey" parameterType="java.util.Map">
		insert into <include refid="Table_Name"/>
		<trim prefix="(" suffix=")" suffixOverrides=",">
			<include refid="Base_Column_List"/>
		</trim>
		values
		<foreach collection="records" item="record" index="index" separator=",">
			<trim prefix="(" suffix=")" suffixOverrides=",">
				<include refid="Batch_Insert_Values_On_DuplicateKey"/>
			</trim>
		</foreach>
		ON DUPLICATE KEY UPDATE 
																puid = VALUES(puid)  ,												worker_id = VALUES(worker_id)  ,												hour = VALUES(hour)  ,												share_accept = VALUES(share_accept)  ,												share_reject = VALUES(share_reject)  ,												reject_rate = VALUES(reject_rate)  ,												score = VALUES(score)  ,												earn = VALUES(earn)  ,												created_at = VALUES(created_at)  ,												updated_at = VALUES(updated_at)  						</insert>
	<!-- end insert -->
    <!-- delete -->
    <delete id="deleteById" parameterType="java.util.Map">
        delete from <include refid="Table_Name"/> where id = #{id,jdbcType=INTEGER}
    </delete>
    <delete id="deleteByExample" parameterType="java.util.Map">
        delete from <include refid="Table_Name"/>
        <if test="example != null">
            <include refid="Example_Where_Clause"/>
        </if>
    </delete>
    <delete id="deleteIn" parameterType="java.util.Map">
        delete from <include refid="Table_Name"/> where id in
        <foreach collection="records" item="record" index="index" open="(" separator="," close=")">
			#{record.id,jdbcType=INTEGER}
		</foreach>
    </delete>
    <!-- end delete -->
    <!-- update -->
	<update id="updateById" parameterType="java.util.Map">
        update <include refid="Table_Name"/>
        <set>
            <include refid="Update_Set_From_Bean"/>
        </set>
		where id = #{record.id,jdbcType=INTEGER}
	</update>
    <update id="updateByExample" parameterType="java.util.Map">
        update <include refid="Table_Name"/>
        <set>
            <include refid="Update_Set_From_Bean"/>
        </set>
        <if test="example != null">
            <include refid="Example_Where_Clause"/>
        </if>
    </update>
    <update id="batchUpdate" parameterType="java.util.Map">
        <foreach collection="records" item="record" index="index" open="" close="" separator=";">
            update <include refid="Table_Name"/>
            <set>
            	<include refid="Update_Set_From_Bean"/>
            </set>
			where id=#{record.id,jdbcType=INTEGER}
		</foreach>
    </update>
	 <!-- end update -->
    <!-- select -->
    <select id="selectById" resultMap="StatsWorkersHourMap" parameterType="java.util.Map">
        select
        <include refid="Base_Column_List"/>
        from <include refid="Table_Name"/>
        where id = #{id,jdbcType=INTEGER}
    </select>
    <select id="selectByExample" resultMap="StatsWorkersHourMap" parameterType="java.util.Map">
      select
      <if test="example != null and example.distinct">
        distinct
      </if>
      <include refid="Base_Column_List"/>
      from <include refid="Table_Name"/>
      <if test="example != null">
        <include refid="Example_Where_Clause"/>
      </if>
      <if test="example != null and example.orderByClause != null">
        order by ${example.orderByClause}
      </if>
    </select>
    <select id="selectOneByExample" resultMap="StatsWorkersHourMap" parameterType="java.util.Map">
        select
        <include refid="Base_Column_List"/>
        from <include refid="Table_Name"/>
		<if test="example != null">
            <include refid="Example_Where_Clause"/>
        </if>
        limit 1
    </select>
    <select id="selectIn" resultMap="StatsWorkersHourMap" parameterType="java.util.Map">
        select
        <include refid="Base_Column_List"/>
        from <include refid="Table_Name"/>
        where id IN
        <foreach collection="records" item="record" index="index" open="(" separator="," close=")">
			#{record.id,jdbcType=INTEGER}
		</foreach>
    </select>
    <select id="countByExample" resultType="java.lang.Integer" parameterType="java.util.Map">
        select count(*) as total from <include refid="Table_Name"/>
       <if test="example != null">
            <include refid="Example_Where_Clause"/>
        </if>
    </select>
    <select id="countByPager" resultType="java.lang.Integer" parameterType="java.util.Map">
        select count(*) as total from <include refid="Table_Name"/>
		<if test="example != null">
            <include refid="Example_Where_Clause"/>
        </if>
    </select>
    <select id="selectByPager" resultMap="StatsWorkersHourMap" parameterType="java.util.Map">
        select
        <include refid="Base_Column_List"/>
        from <include refid="Table_Name"/>
        <if test="example != null">
            <include refid="Example_Where_Clause"/>
        </if>
        <if test="pager.sortItem != null and pager.sortItem != '' ">
            order by ${pager.sortItem} ${pager.sortType}
        </if>
        limit #{pager.startIndex} , #{pager.pageSize}
    </select>
	 <!-- end select -->
    <!-- My Custom Interfaces -->
</mapper>
