<?xml version="1.0" encoding="utf-8" ?>
<templateSection>
  <templates>
    <clear />
    <template name="lombok-pojo.java.nv" displayName="lombok-pojo"
      language="JAVA" engine="NVelocity" fileName="java\NVelocity\lombok-pojo.nv"
      prefix="" suffix="" url="" desc="" category="" version="" />
    <template name="mybatis-mapper.xml.nv" displayName="mybatis-mapper"
      language="MyBatisMapper" engine="NVelocity" fileName="mybatisMapper\NVelocity\mybatis-mapper.nv"
      prefix="" suffix="Mapper" url="" desc="" category="" version="" />
    <template name="mybatis-sharding-mapper.xml.nv" displayName="mybatis-sharding-mapper"
      language="MyBatisMapper" engine="NVelocity" fileName="mybatisMapper\NVelocity\mybatis-sharding-mapper.nv"
      prefix="" suffix="Mapper" url="" desc="" category="" version="" />
    <template name="mybatis-example.java.nv" displayName="mybatis-example"
      language="JAVA" engine="NVelocity" fileName="java\NVelocity\mybatis-example.nv"
      prefix="" suffix="Example" url="" desc="" category="" version="" />
    <template name="mybatis-repository.java.nv" displayName="mybatis-repository"
      language="JAVA" engine="NVelocity" fileName="java\NVelocity\mybatis-repository.nv"
      prefix="" suffix="Repository" url="" desc="" category="" version="" />
    <template name="mybatis-service.java.nv" displayName="mybatis-service"
      language="JAVA" engine="NVelocity" fileName="java\NVelocity\mybatis-service.nv"
      prefix="" suffix="Service" url="" desc="" category="" version="" />
    <template name="mybatis-service-impl.java.nv" displayName="mybatis-service-impl"
      language="JAVA" engine="NVelocity" fileName="java\NVelocity\mybatis-service-impl.nv"
      prefix="" suffix="ServiceImpl" url="" desc="" category="" version="" />
    <template name="mybatis-controller.java.nv" displayName="mybatis-controller"
      language="JAVA" engine="NVelocity" fileName="java\NVelocity\mybatis-controller.nv"
      prefix="" suffix="Controller" url="" desc="" category="" version="" />
    <template name="mybatis-sharding-repository.java.nv" displayName="mybatis-sharding-repository"
      language="JAVA" engine="NVelocity" fileName="java\NVelocity\mybatis-sharding-repository.nv"
      prefix="" suffix="Repository" url="" desc="" category="" version="" />
    <template name="mybatis-sharding-service.java.nv" displayName="mybatis-sharding-service"
      language="JAVA" engine="NVelocity" fileName="java\NVelocity\mybatis-sharding-service.nv"
      prefix="" suffix="Service" url="" desc="" category="" version="" />
    <template name="mybatis-sharding-service-impl.java.nv" displayName="mybatis-sharding-service-impl"
      language="JAVA" engine="NVelocity" fileName="java\NVelocity\mybatis-sharding-service-impl.nv"
      prefix="" suffix="ServiceImpl" url="" desc="" category="" version="" />
  </templates>
</templateSection>